[
  {
    "title": "Забытый лес",
    "story": "В глубине древнего леса стояло таинственное дерево, которое исполняло желания тех, кто смог найти его среди густых зарослей. Много лет люди пытались отыскать это дерево, но лишь одна девочка с чистым сердцем смогла приблизиться к нему и загадать своё самое заветное желание."
  },
  {
    "title": "Волшебный ключ",
    "story": "Маленький мальчик Тим нашёл старинный ключ, который открыл ему дверь в другой мир — мир, полный волшебства, загадок и добрых существ. Вместе с новыми друзьями он отправился в захватывающее приключение, чтобы спасти этот мир от тёмных сил."
  },
  {
    "title": "Легенда о драконьем сердце",
    "story": "В высоких горах жил дракон с сердцем из чистого золота. Легенда гласила, что тот, кто сможет завоевать доверие дракона, получит силу и мудрость для защиты всего королевства. Многие пытались, но только истинно смелый и добрый герой смог пройти испытания."
  },
  {
    "title": "Принцесса и тень",
    "story": "Принцесса Арина обнаружила, что её тень ожила и начала жить собственной жизнью. Эта тень стала как друг и советчик, помогая ей принимать важные решения, но иногда и приводила к неожиданным последствиям. Вместе они учились понимать себя и окружающий мир."
  },
  {
    "title": "Тайна звездной пыли",
    "story": "Звездная пыль, упавшая с неба, дала обычному деревенскому мальчику необычные способности — видеть будущее и читать мысли животных. Он решил использовать этот дар, чтобы помочь своей семье и защитить деревню от надвигающейся беды."
  },
  {
    "title": "Путь рыцаря",
    "story": "Молодой рыцарь по имени Эрик отправился в опасное путешествие, чтобы найти легендарный меч справедливости. На своём пути он встретил множество испытаний, познакомился с верными друзьями и понял, что настоящая сила — в дружбе и честности."
  },
  {
    "title": "Волшебный сад",
    "story": "Среди холмов раскинулся волшебный сад, где каждое растение обладало уникальной силой. Девочка Лина нашла этот сад и начала изучать тайны природы, чтобы помочь своему больному отцу исцелиться с помощью волшебных трав."
  },
  {
    "title": "Серебряная птица",
    "story": "Однажды в деревне появилась серебряная птица, которая могла исполнять желания, но только если они были по-настоящему чисты. Множество людей пытались поймать птицу, но лишь добрая девушка смогла завоевать её доверие и изменить свою жизнь к лучшему."
  },
  {
    "title": "Книга теней",
    "story": "Старый маг подарил своему ученику книгу, в которой хранились заклинания и тайны тёмной и светлой магии. Ученику пришлось сделать выбор — использовать знания во благо или поддаться искушению власти."
  },
  {
    "title": "Дорога в неизвестность",
    "story": "Молодая искательница приключений Анна отправилась в путь, не зная, что ждёт её впереди. По дороге она встретила волшебных существ, преодолела трудности и открыла для себя, что главное в жизни — не цель, а путешествие."
  },
  {
    "title": "Танец огненных бабочек",
    "story": "Каждую ночь в глубине леса танцевали огненные бабочки, которые приносили удачу тем, кто их увидит. Маленькая девочка Мира решила разыскать этот танец и нашла в себе смелость поверить в чудеса."
  },
  {
    "title": "Хранитель звезд",
    "story": "Юный мальчик по имени Лукас был выбран хранителем звездного света. Его задача — защитить свет от теней и сохранить надежду для всего мира. Вместе с верными друзьями он отправился на поиски источника тьмы."
  },
  {
    "title": "Песнь ветра",
    "story": "В далёкой долине жил старик, который умел разговаривать с ветром. Его песни могли исцелять больных и успокаивать бури. Однажды он обучил молодую девушку этому искусству, и её песня изменила судьбу целого племени."
  },
  {
    "title": "Лунный странник",
    "story": "Каждую ночь странник появлялся на лунных тропах, неся свет и покой заблудшим душам. Его история была окутана тайной, а встречи с ним приносили людям новые надежды и силу."
  },
  {
    "title": "Зеркало времени",
    "story": "В старом замке было зеркало, показывающее не отражение, а будущие события. Молодая принцесса использовала его, чтобы предотвратить беду и изменить ход истории."
  },
  {
    "title": "Сказка о ледяном цветке",
    "story": "В холодных горах рос редкий ледяной цветок, который мог подарить вечную молодость. Одна смелая девушка отправилась на его поиски, чтобы спасти своего больного брата."
  },
  {
    "title": "Письмо из прошлого",
    "story": "Мальчик нашёл старое письмо, написанное много лет назад. Оно содержало загадку, которую он решил разгадать, открыв тайны своей семьи и древних предков."
  },
  {
    "title": "Крылья свободы",
    "story": "Девочка мечтала летать и однажды получила волшебные крылья от таинственного существа. С ними она смогла исследовать мир и понять, что настоящая свобода — внутри нас."
  },
  {
    "title": "Остров забытых мечтаний",
    "story": "Среди океана лежал остров, где хранились все забытые мечты людей. Смелый путешественник отправился туда, чтобы вернуть утраченные надежды."
  },
  {
    "title": "Тайна сияющего камня",
    "story": "В заброшенной шахте нашли камень, который светился ярче солнца. Он был ключом к древним знаниям и мог изменить судьбу целой нации."
  },
  {
    "title": "Песок времени",
    "story": "Часы с песком времени позволяли своему владельцу остановить мгновение. Однако каждое использование имело свою цену, и герой должен был выбрать между личной выгодой и добром."
  },
  {
    "title": "Пламя души",
    "story": "Древний огонь, хранящийся в пещере, мог возродить душу и подарить новую жизнь. Молодая воительница отправилась за этим пламенем, чтобы спасти своего народа."
  },
  {
    "title": "Волшебная мелодия",
    "story": "Музыка из древней флейты могла успокаивать диких зверей и исцелять раны. Музыкантка Анна отправилась в путешествие, чтобы найти эту флейту и спасти свою деревню."
  },
  {
    "title": "Тень и свет",
    "story": "Два брата — Тень и Свет — были врагами с детства. Но лишь объединившись, они смогли победить темные силы, угрожавшие их миру."
  },
  {
    "title": "Легенда о серебряной луне",
    "story": "Каждую ночь серебряная луна давала силу избранным. Молодая девушка получила этот дар и стала защитницей своего народа от зла."
  },
  {
    "title": "Камень желаний",
    "story": "В глубине пещеры спрятан камень, исполняющий желания. Но каждое желание приносило неожиданную цену, и герой должен был научиться мудрости."
  },
  {
    "title": "Путешествие мечты",
    "story": "Мальчик по имени Артём научился путешествовать по снам, помогая людям бороться с их страхами и находить путь к счастью."
  },
  {
    "title": "Волшебный мост",
    "story": "Мост, соединяющий два мира, мог привести каждого к его судьбе. Девушка Лея решилась пройти по нему и узнать свою истинную цель."
  },
  {
    "title": "Танец лунных огней",
    "story": "В ночь полнолуния по небу танцевали лунные огни — волшебные существа, приносящие удачу и любовь. Маленькая девочка нашла способ пригласить их в свой дом."
  },
  {
    "title": "Сказка о бегущем времени",
    "story": "Время — бегущий поток, который нельзя остановить. Однако герой научился жить в настоящем, ценя каждый момент и изменяя свою судьбу."
  },
  {
    "title": "Песня лесного эха",
    "story": "Эхо в лесу рассказывало древние истории и предсказания. Молодой охотник услышал в них свой путь и отправился навстречу приключениям."
  },
  {
    "title": "Крылья надежды",
    "story": "В трудные времена люди нуждались в надежде. Девочка Клара получила крылья, чтобы донести свет в самые тёмные уголки мира."
  },
  {
    "title": "Звёздный странник",
    "story": "Путешественник по звёздам искал ответы на самые важные вопросы. Его путь пролегал через опасности и открытия, меняя его самого."
  },
  {
    "title": "Тайна древнего свитка",
    "story": "Свиток, найденный в руинах, содержал тайны забытых цивилизаций и силу, способную изменить мир."
  },
  {
    "title": "Свет в сердце",
    "story": "Истинная сила живёт в сердце каждого. Герой научился видеть свет даже в самых темных местах."
  },
  {
    "title": "Полет феникса",
    "story": "Феникс — птица, возрождающаяся из пепла. История о том, как вера и сила духа могут возродить даже после самых тяжёлых испытаний."
  },
  {
    "title": "Магический лабиринт",
    "story": "В лабиринте скрывались загадки и опасности. Тот, кто сможет пройти его, обретёт знания и силу."
  },
  {
    "title": "Дорога домой",
    "story": "Путешествие героя — это не только путь в мир, но и путь к самому себе и дому, где его ждут."
  },
  {
    "title": "Тайна снежной королевы",
    "story": "Снежная королева хранила секрет вечной зимы. Лишь смелая душа могла растопить её холодное сердце."
  },
  {
    "title": "Волшебные часы",
    "story": "Часы, способные управлять временем, были в руках у старого мастера. Но кто достоин ими владеть?"
  },
  {
    "title": "Песня моря",
    "story": "Море поёт свою песню тем, кто умеет слушать. Она рассказывает о приключениях и тайнах глубин."
  },
  {
    "title": "Зов пустыни",
    "story": "В пустыне жил мудрый странник, который знал язык ветров и песков. Его история учит слушать природу."
  },
  {
    "title": "Подарок феи",
    "story": "Фея подарила девочке необычные способности, которые помогли ей изменить жизнь всех вокруг."
  },
  {
    "title": "Тень старого дуба",
    "story": "Старый дуб скрывал множество историй и секретов. Под его тенью герои находили утешение и силы."
  },
  {
    "title": "Огненный цветок",
    "story": "Цветок, горящий как пламя, мог подарить силу и исцеление, но только тем, кто был достоин."
  },
  {
    "title": "Путь волшебника",
    "story": "Молодой волшебник прошёл путь от ученика до мастера, открывая для себя магию и дружбу."
  },
  {
    "title": "Легенда о морском драконе",
    "story": "Морской дракон охранял подводные сокровища. Лишь тот, кто проявит мудрость и смелость, сможет увидеть его."
  },
  {
    "title": "Тайна зеркального озера",
    "story": "Озеро отражало не только образы, но и души. Девушка раскрыла тайны своего прошлого, глядя в его глубины."
  },
  {
    "title": "Песнь звёздного ветра",
    "story": "Звёздный ветер носил песни древних богов. Тот, кто слушал их, мог услышать предсказания и мудрость."
  },
  {
    "title": "Светлая ночь",
    "story": "В ночь, когда светила ярче всего, герои находили ответы на свои вопросы и начинали новый путь."
  },
  {
    "title": "Меч правды",
    "story": "Меч, который мог прорезать любые иллюзии и ложь, был символом справедливости и силы духа."
  },
  {
    "title": "Дорога сквозь туман",
    "story": "Путник шёл сквозь туман, не зная, что впереди, но его вера освещала путь."
  },
  {
    "title": "Лесные тайны",
    "story": "Лес хранил множество тайн и загадок, которые открывались лишь тем, кто слушал шёпот деревьев."
  },
  {
    "title": "Полет ветра",
    "story": "Ветер нес мечты и надежды, помогая героям найти путь к своим целям."
  },
  {
    "title": "Звёздная пыль",
    "story": "Пыль, упавшая с неба, могла исполнять желания, если верить в чудо."
  },
  {
    "title": "Магия утра",
    "story": "Утро приносило новую магию и возможности тем, кто был готов их принять."
  },
  {
    "title": "Тайна древнего камня",
    "story": "Камень хранил силу и историю давно ушедших эпох, ожидая своего героя."
  },
  {
    "title": "Серебряный лис",
    "story": "Лис с серебряной шерстью был хранителем лесных троп и защитником зверей."
  },
  {
    "title": "Путь звезды",
    "story": "Звезда указала путь путнику, помогая найти дом и счастье."
  },
  {
    "title": "Волшебный кристалл",
    "story": "Кристалл, сияющий в темноте, мог пробудить скрытые силы внутри каждого."
  },
  {
    "title": "Легенда о ветре и огне",
    "story": "Ветер и огонь — вечные соперники, но вместе они творят чудеса."
  },
  {
    "title": "Сказка о добром великане",
    "story": "Великан, которого все боялись, оказался добрым и помогал нуждающимся."
  },
  {
    "title": "Тайна солнечного камня",
    "story": "Камень, вобравший в себя солнечный свет, мог излечить любые болезни."
  },
  {
    "title": "Песнь утренней зари",
    "story": "Заря пела песню пробуждения и надежды для всех живых существ."
  },
  {
    "title": "Путешествие в сердце горы",
    "story": "Герой отправился в сердце горы, чтобы найти источник древней магии."
  },
  {
    "title": "Лесная фея",
    "story": "Фея охраняла лес и помогала тем, кто уважал природу."
  },
  {
    "title": "Зов древних духов",
    "story": "Духи прошлого звали к себе тех, кто готов услышать их мудрость."
  },
  {
    "title": "Огненный феникс",
    "story": "Феникс возрождался из пепла, символизируя силу и возрождение."
  },
  {
    "title": "Сказка о звездном море",
    "story": "Море было наполнено звёздами, отражающими мечты и желания."
  },
  {
    "title": "Тайна лунного цветка",
    "story": "Цветок, распускающийся при свете луны, мог исполнить самое заветное желание."
  },
  {
    "title": "Песня горного эха",
    "story": "Эхо гор несло истории древних героев и их подвигов."
  },
  {
    "title": "Дорога сквозь звёзды",
    "story": "Путешествие героя простиралось через звёздные миры и тайны космоса."
  },
  {
    "title": "Светлая тропа",
    "story": "Тропа, освещённая светлячками, вела к месту силы и вдохновения."
  },
  {
    "title": "Магический свет",
    "story": "Свет, исходящий из сердца, мог побеждать любую тьму."
  },
  {
    "title": "Легенда о белом волке",
    "story": "Волк, появляющийся в самые трудные времена, становился защитником и другом."
  },
  {
    "title": "Сказка о ветреной долине",
    "story": "Долина, где ветер играл с листьями, скрывала множество тайн и загадок."
  },
  {
    "title": "Путь к звёздам",
    "story": "Герой мечтал о полёте к звёздам и нашёл способ приблизиться к своей мечте."
  },
  {
    "title": "Тайна серебряного колодца",
    "story": "Колодец с серебряной водой обладал силой исцеления и очищения."
  },
  {
    "title": "Песня дождя",
    "story": "Дождь пел свою песню обновления и надежды для всего живого."
  },
  {
    "title": "Звёздный свет",
    "story": "Свет звёзд освещал путь путникам в самые тёмные ночи."
  },
  {
    "title": "Легенда о волшебной птице",
    "story": "Птица с разноцветными перьями могла приносить удачу и исполнять желания."
  },
  {
    "title": "Дорога мечты",
    "story": "Путь героя был наполнен испытаниями, но каждая преграда делала его сильнее."
  },
  {
    "title": "Сказка о лесной тени",
    "story": "Тень в лесу была не страшна, а наоборот, помогала потерявшимся найти дорогу."
  },
  {
    "title": "Путь волшебницы",
    "story": "Молодая волшебница училась использовать свои силы во благо и защищать друзей."
  },
  {
    "title": "Тайна золотого ключа",
    "story": "Ключ открывал дверь в забытый замок с невероятными сокровищами и тайнами."
  },
  {
    "title": "Свет в темноте",
    "story": "История о том, как даже маленький свет может победить самую сильную тьму."
  },
  {
    "title": "Песня летнего ветра",
    "story": "Ветер летнего вечера приносил радость и воспоминания о детстве."
  },
  {
    "title": "Легенда о ночном стражнике",
    "story": "Стражник охранял город от опасностей, появляющихся в тёмное время суток."
  },
  {
    "title": "Сказка о серебряной реке",
    "story": "Река сияла как серебро, и её воды обладали силой исцеления и обновления."
  },
  {
    "title": "Путь к солнцу",
    "story": "Герой отправился в путешествие, чтобы найти источник солнечного света и силы."
  },
  {
    "title": "Тайна древней башни",
    "story": "Башня хранила секреты прошлого и ключ к будущему, ожидая своего героя."
  }
]